Country Name,"GDP (2000, billions of $)","GDP (2001, billions of $)","GDP (2002, billions of $)","GDP (2003, billions of $)","GDP (2004, billions of $)","GDP (2005, billions of $)","GDP (2006, billions of $)","GDP (2007, billions of $)","GDP (2008, billions of $)","GDP (2009, billions of $)","GDP (2010, billions of $)","GDP (2011, billions of $)","GDP (2012, billions of $)","GDP (2013, billions of $)","GDP (2014, billions of $)","GDP (2015, billions of $)"
Aruba,,,,,,,,,,,,3.6712322223658105,,,,
Andorra,,,,,,,,,,,,,,,,
Afghanistan,,,23.3786280089566,25.3527575182174,25.6203700174831,28.4835156038497,30.0655292602352,34.1965946118752,35.4315596209183,42.8795033106483,46.4956563819102,49.338254430557,56.4601038135996,57.5662266363086,58.3218011533835,
Angola,,,,,,,,,,,,152.477494308397,,,,
Albania,15.9551254694556,17.2220153103959,17.9507426739174,18.987127109383703,20.071207874841,21.219445539666403,22.371876329005502,23.6918170324168,25.475810854957803,26.3292505185989,27.3060657128389,28.0023703885163,28.4000040480332,28.7152440929664,29.338364889783797,
Arab World,3196.9133793910896,3277.32667379783,3324.0369919330096,3437.07906892398,3766.08544299588,3993.01170211276,4271.0754524862,4509.36548502608,4794.41569281574,4888.85713263699,5115.852955803281,5259.59598061393,5599.87756920791,5759.6050025561,5874.66817899154,
United Arab Emirates,326.99342745977503,331.56834354531395,339.636915994235,369.526801416005,404.877348750762,424.53471570041796,466.297553229818,481.146286697324,496.503688390757,470.472387748485,478.16672396876504,503.06868541163203,537.74820629178,560.986243550705,586.624940177145,
Argentina,,,,,,,,,,,,,,,,
Armenia,8.97776945999019,9.835742701577031,11.1327132937678,12.695834751513901,14.024814656616801,15.969454960225,18.0771041872779,20.5625617502571,21.9813785113708,18.8710159490773,19.2861782997958,20.1926286796198,21.6464979452151,22.3608323774072,23.1434615106165,
American Samoa,,,,,,,,,,,,,,,,
Antigua and Barbuda,1.5000598536245,1.4521443133615999,1.4946086642130803,1.5829943118563399,1.6666780421096001,1.7680658746378102,2.00456944156413,2.19498237988446,2.1965432542551997,1.93216697742596,1.7941524576523897,1.76197548869485,1.8327988306538001,1.8264525634642899,1.91452378875601,
Australia,675.03795885229,688.062052105557,714.5984498999209,736.542329963106,767.1042284417609,791.702517121056,815.3179762524109,845.9548363067571,877.3118400455121,893.2760928786321,911.304031483534,932.989069866557,966.8819532342192,990.4743472653621,1015.23473234337,
Austria,309.43011738788897,313.609020879341,318.80193135207105,321.212573120354,329.90376011376003,336.965952489904,348.257113290483,360.86928094884996,366.45288084014504,352.531060880045,359.330232465755,369.420225149471,372.21789751052205,373.413650565206,374.733559775255,
Azerbaijan,35.8886947076342,39.441675483689906,43.6224927700479,48.508212063742995,53.4560498874524,67.56844748979461,90.8795615428867,113.64398248043199,125.886190467364,137.73290398890697,144.418926509107,144.51413146276002,147.69344262725699,156.254756508811,159.379851638987,
Burundi,4.82674858533385,4.92597722589982,5.14501175982077,5.08205081240967,5.327699755954621,5.3756490539108,5.66510933839415,5.9362319511637605,6.23589999130929,6.45218753208544,6.69646106394965,6.977151645621239,7.257588873807059,7.5910064416057095,7.944817041227079,
Belgium,378.2838691846379,381.3535065909579,388.14332329446995,391.149633596871,405.36714369259795,413.85642964233097,424.200623960865,438.61272101786403,441.889610709076,431.792967774688,443.4290349402971,451.396735849573,452.07951704413796,452.154358211117,458.251031039019,
Benin,11.441883947698,12.0517833718559,12.6115248381216,13.0458714096567,13.623755116011,13.8569362606803,14.4038714398246,15.266161439333999,16.0131948547505,16.3845771812719,16.7314141241439,17.2271241548024,18.0269835045949,19.2670589741864,20.5274110650534,
Burkina Faso,12.1413674909855,12.9443246346208,13.5077916455327,14.5617289702515,15.2138722669067,16.5316768274531,17.5654287993053,18.5587546969543,19.912522715000197,20.5023344995241,22.2340283415079,23.6840804090061,25.212337086177,26.132412185372996,27.1766750625116,
Bangladesh,216.05097570513396,227.020505484482,235.72248282904397,246.89470877770998,259.830838298284,276.813238827961,295.28185346290996,316.124725281398,335.135801636774,352.04382105931603,371.65900668646503,395.684471605039,421.488777535966,446.835410086698,473.918520089175,
Bulgaria,73.0879287397781,76.1927224935594,80.7780935888692,84.87961927942281,90.4439592325071,96.9886586762838,103.53843262983901,111.48537042743901,117.78095534777499,112.810920500839,112.872467863785,114.655852845936,114.93102697354199,116.402144033621,118.20664353539999,
Bahrain,30.112600118232002,30.862715094575297,31.978139384131598,33.904486894018795,36.2713411492483,38.7265263632246,41.2315779278748,44.650683364473196,47.4391758458899,48.6440229737791,50.752452953374295,51.8183479050905,53.6779553251618,56.583509896818605,59.1189802818417,
"Bahamas, The",7.69950186320183,7.90166207230342,8.11537275669145,8.012734015645021,8.08347718086788,8.35793488903373,8.56829273011128,8.69223498792506,8.49023290136651,8.135743673153971,8.260934776358651,8.31156626003648,8.495859697438709,8.49773135202974,8.5846449675209,
Bosnia and Herzegovina,23.580531540567403,24.6180748120208,25.922832842847402,26.9597461735027,28.6042906283912,31.109520298677,32.7827385752966,34.6607820108962,36.5607155349565,35.5114664623862,35.7839296253608,36.1089364411018,35.7719723216779,36.6284219838725,37.0246960654651,
Belarus,73.03254076994631,76.4835518054747,80.3423514480742,86.0010180603157,95.84791354283,104.857617415856,115.34337915744199,125.26290976514099,138.03972656130898,138.315806014492,149.02252994461801,157.28390901662303,160.007108813136,161.72494641545998,164.292817733271,
Belize,1.72147977142345,1.8078233953549898,1.90035791046917,2.07764702618111,2.17421787366041,2.23026940196822,2.33245143313959,2.3582386926107803,2.43438860927347,2.45175190375782,2.53324497732671,2.58654320539028,2.6854719851572,2.72644356720319,2.8241406237206204,
Bermuda,3.1621542648163,3.39053883308688,3.34043377656587,3.45436615862813,3.5345512022428003,3.5937269111670203,3.7929583129440103,3.9009017386118496,3.96050337869618,3.75122336415495,3.6726684879902503,3.55001992912843,3.37839278957695,3.29355612934525,,
Bolivia,36.7960587366003,37.415630452457904,38.3456205435803,39.3853006291259,41.0289656430596,42.843033921617895,44.898218039119,46.947545075714004,49.8341135678222,51.5070453876761,53.632598252090894,56.4236883922173,59.3138646855243,63.344841872594806,66.8038311473381,
Brazil,1987.8700417606499,2020.8253084661899,2082.52435703646,2106.27177891364,2227.61158386175,2298.94085459806,2389.99045379159,2535.11745437905,2664.25043085284,2660.88954794926,2861.2225304322997,2973.10363756373,3030.0522074145097,3121.41253912501,3124.63918558125,
Barbados,3.8957870867566102,3.8020068559821296,3.83326693290696,3.9153246348346293,3.9700297694530797,4.130237663692821,4.364688240629021,4.43893092332549,4.45846847140351,4.27872302908575,4.29044555793256,4.3217056348573895,4.3334281637042,4.3334281637042,4.3412431829354,
Brunei Darussalam,24.710870925094,25.388947309315398,26.3720320397007,27.1378640178508,27.274725255217497,27.3804166999815,28.5845308048808,28.628717190005002,28.0734018093891,27.5780366053473,28.294780375768298,29.2652399811196,29.542778248765,29.0252004294985,28.3460107394483,
Bhutan,2.02918941206141,2.19565952264461,2.4312063766114695,2.6175421545688,2.7718831246013,2.9693121535785196,3.1726912086393497,3.7414222807399202,3.91982654816105,4.18077817388848,4.671219172596071,5.0398210552725295,5.29542615438932,5.4088804772454795,5.704141381140371,
Botswana,17.9932396857304,18.0383260421596,19.133167809295898,20.018248022514598,20.559906128801398,21.496748198570202,23.294708501917004,25.223544724012502,26.7980279594668,24.7473597318464,26.866632486568502,28.4916114165336,29.868195815027402,32.6525692182356,34.0961526123727,
Central African Republic,3.08629804655476,3.22409454622492,3.3406935391195898,3.16038063308807,3.3498451905422,3.3802646692290303,3.5032830194697397,3.6646989560364704,3.7399765107050795,3.8039009733925293,3.91979278302502,4.049174939833639,4.21570763381583,2.69606817901855,2.72330734117344,
Canada,1148.13929732383,1167.5241848809799,1200.2366721799199,1223.34503836059,1261.74324880314,1301.65382328557,1335.7803448621,1362.60696864573,1378.6234089777,1341.24243308327,1386.4993625394,1427.54116447725,1454.9908335481398,1484.14169469432,1520.34445369825,
Central Europe and the Baltics,1545.6045187981101,1594.0784856526102,1647.27914817495,1721.35783269123,1819.78242293633,1908.33062370199,2034.23299260496,2165.73191870968,2249.94669636744,2166.2806248005,2206.7094199528997,2275.13127190869,2288.98278640571,2321.4476653524102,2386.2299267299,
Switzerland,352.62560334650107,357.726666993762,358.23962691173904,358.41770119975297,368.607331346186,379.80674760747604,395.04757773273207,411.403923673134,420.772578734791,411.811728009252,423.97589188578706,431.626765441923,436.48096655815897,444.201575288995,452.59466163822,
Channel Islands,,,,,,,,,,,,,,,,
Chile,225.855178776132,233.417217583159,238.475155423953,247.91101751465303,262.887537118716,277.50264495431395,289.726560679454,304.678843192623,314.71025668645694,311.448499574819,329.368339623658,348.602266857007,367.625947894868,383.16252123808795,390.41980723113596,
China,4644.21079569286,5029.604795934941,5486.84159554846,6036.621662208099,6644.85010806946,7399.19950184204,8338.02659056456,9521.60626932959,10437.9063833769,11401.695802506,12613.890833917301,13810.2560923133,14880.5920378471,16023.988452379199,17188.6857922659,
Cote d'Ivoire,49.1854168816862,49.245114164117105,48.423881889444,47.7655418101744,48.3539047810575,49.1861950940965,49.9317802763926,50.8130945650273,52.1051910089121,53.799367179674,54.8848439741714,52.476906028695296,58.0953481257959,63.4509135270906,68.87372545357981,
Cameroon,38.2880536206337,40.016480154957904,41.6207586802332,43.2984886805562,44.9013355390081,45.932653146749,47.4135232550789,48.9571484965673,50.3690952939879,51.342150958969,53.0203455981617,55.215701705029005,57.7494059779266,60.9612478344815,64.57439963233409,
"Congo, Rep.",14.4517367885294,15.0012788062564,15.688617908716001,15.8162078019869,16.3660790839546,17.6353927318501,18.7351352957855,18.43870372281,19.4661570042768,20.9200605285036,22.7509122189399,23.5291347613866,24.4232409067126,25.2635726386131,26.976427946194697,
Colombia,335.685091122417,341.317545585573,349.86407025235496,363.572695817874,382.96210791707796,400.986433731574,427.842561312074,457.36638341959997,473.588276652646,481.4098202614871,500.530458895309,533.512971123156,555.08793587508,582.488683372277,609.006486459072,
Comoros,0.775434466044177,0.7935248594622929,0.811972560811212,0.829057291320615,0.8449718948119019,0.8689471929607969,0.8919473550635509,0.899084296790843,0.902683033231519,0.920285352179201,0.9405316297590329,0.964985452962115,0.993935016280133,1.0287227417892302,1.04993129586049,
Cabo Verde,1.6686310297767197,1.7058691091218199,1.79544244084322,1.87042477278655,2.0611533449669897,2.20362970400853,2.37956200035354,2.7405579264451196,2.92281929377701,2.8856876900682003,2.92801820954597,3.04422492225246,3.0771609491055605,3.1093247899919803,3.19638112071502,
Costa Rica,37.582758107781,37.9872975318899,39.0897592173349,41.593267061543,43.3649126290277,45.91753500771691,49.948929718574995,53.9125473752105,55.3852335291106,54.8226752656621,57.5387663196766,60.138221906155295,63.2459143046615,65.4198496546563,67.71108321871431,
Caribbean small states,71.70154512860249,73.3661457736535,76.4106207771418,81.7091295358886,85.49971620269,88.7177216159978,95.3137692784359,98.6158403093502,100.28625926584,96.7742787828515,96.9210594761436,98.0832358575892,99.2768649641958,100.736659575297,101.912681856404,
Cuba,125.506100920194,129.49999394878,131.350018961032,136.329977078057,144.197414879447,160.349995559779,179.697514786155,192.74739455691,200.682473379818,203.59059664994396,208.45301787553197,214.295881623133,220.75559624627104,226.685163421363,,
Curacao,,,,,,,,,,,,,,,,
Cayman Islands,,,,,,,,,,,,2.8234634517406203,,,,
Cyprus,20.823975524216,21.5686526935592,22.263294068699402,22.8840385030929,23.8862218561088,24.808972752569698,25.9295516360401,27.1983465727402,28.1831212520322,27.6075660803073,27.9914890574268,28.064626089047902,27.395416339310902,25.927913609702703,25.3431719809929,
Czech Republic,215.38926537053896,221.96191464467302,225.617515599522,233.74390326588602,245.308280633583,261.111683514664,279.06714402505395,294.497509682021,302.481206327942,287.83571575680605,294.44180358427,300.232333288103,297.52932149948197,295.95785843978604,301.812360787961,
Germany,3040.12723313716,3091.6717224760096,3091.6717224760096,3069.72375410386,3105.63861378357,3127.58659504477,3243.3122898156203,3349.0616318112097,3385.30904173905,3195.09325140185,3325.4509250874703,3447.16243410129,3461.12932540885,3471.43821554319,3526.97325630339,
Djibouti,1.5293599731373901,1.56067766241147,1.6015449791486,1.65279376769241,1.71603752619809,1.7704290716895896,1.85540727143429,1.9500341812628699,2.06313543482544,2.16696534695801,2.2425256406271,2.3427107993719503,2.45615374856462,2.57895915802198,2.7337017190392103,
Dominica,0.569003231976342,0.5716952035301349,0.561672470444986,0.604849429886999,0.62450790877062,0.623956828150133,0.6422368133498431,0.6830621136291981,0.731199407988436,0.722668748228571,0.7275434109484941,0.7275434109484941,0.718403418348639,0.722668748228571,0.750698058868128,
Denmark,222.62305759246803,224.45559281536998,225.502225322184,226.38188997217,232.355997237048,238.01858147119898,247.055534370245,249.092303508567,247.30393055438898,234.721264692575,238.53579723102803,241.284069587679,239.70311341513502,238.53765390298602,241.133944397903,
Dominican Republic,68.9172146846407,70.1640852552718,74.2253279714101,74.0372715638564,75.0086096339314,81.9564696786758,90.7021714600386,98.388840159005,101.481901399199,102.431550050726,110.935573851702,114.06493824919698,117.06428288158699,122.657312189114,131.661436283759,
Algeria,315.046473636546,329.578067036626,348.03443872773806,373.092918380073,389.135913882155,412.09493280894395,419.10054665982796,433.349965239519,442.01696454430896,449.089146043801,465.257114560269,478.284398685069,494.067742631901,507.901639425594,527.201901773718,
East Asia & Pacific (developing only),7489.488556203731,7970.651208191,8576.49324548939,9302.15272678908,10107.6236619849,11052.9807599833,12198.516309115801,13630.446728577599,14745.339157782199,15815.279925476802,17332.1857413666,18759.525524873603,20141.5580301394,21558.9911273752,22984.0438100218,
East Asia & Pacific (all income levels),14409.9664225196,14957.452270027401,15729.329702977,16627.0685156316,17710.267242573602,18861.3475158894,20257.140553585898,21987.105080881,23136.9096997013,23957.402679309198,25946.5957711934,27514.1600596138,29085.363405735,30699.7338017757,32257.0647395895,
Europe & Central Asia (developing only),1879.38335096504,1910.5610674166999,2026.0873174548701,2155.9014880629497,2356.6910407542796,2531.76094980038,2741.54935482956,2938.9820905291203,3056.17990581663,2927.8533559334,3100.27364492604,3289.26469564783,3364.14764084583,3495.16877426754,3569.74216290533,
Europe & Central Asia (all income levels),18928.3590884108,19393.350027702603,19810.7573902928,20306.8567070334,21087.4322897567,21774.298963973102,22769.0507412018,23761.0575637156,24136.886885230302,23007.620721874,23669.8010430016,24299.9833466773,24411.220702137198,24623.0047035735,24972.536488181602,
Ecuador,93.2952163414635,97.0416069437538,101.01718484640199,103.76775887901401,112.288151266025,118.229663496819,123.43593798153199,126.139263988069,134.158101737554,134.91809610401802,139.674361950133,150.664137576237,159.164551066427,166.41222911720902,172.52784881559802,
"Egypt, Arab Rep.",516.387052205866,534.642499871391,547.316142056546,564.794435323593,587.905367133503,614.1926899800179,656.221653643898,702.7347491987761,752.994697083,788.2758508651899,828.7863407721659,843.8424600274391,862.355337095942,880.522789265837,900.147802068274,
Euro area,10958.0609214754,11198.6128714611,11317.7716393299,11407.796201851801,11671.7368437522,11876.125875748401,12268.429780148801,12650.425347821,12712.074204033,12126.7397239695,12372.1705480183,12561.0906949378,12444.4843971465,12402.6799329314,12513.8816700196,
Eritrea,5.69701210718605,6.19581031000904,6.382021003349499,6.2125454245969705,6.302735154108479,6.46499588967665,6.40233605505114,6.4936859982479405,5.858406746506129,6.08550797544211,6.21903561604434,6.75883546549469,,,,
Spain,1233.2530199221799,1282.59632697402,1319.53205016429,1361.5930774073202,1404.7112785386998,1457.01012549343,1517.82746365866,1575.03279103872,1592.60972786505,1535.69284981205,1535.90456877625,1520.5442868770801,1480.7013354938701,1455.94442600921,1475.75648988711,
Estonia,21.371396996320097,22.7239227514264,24.1047236065785,25.8923806598338,27.522235343657,30.1020972418766,33.1941441022198,35.7660937920459,33.8277633896114,28.8468273884197,29.5572593588194,31.7986233263762,33.4466118279135,33.9709864105824,34.9583657565025,
Ethiopia,41.1361871419482,44.5510280456176,45.225853914014195,44.2483605238487,50.2540148997144,56.193419293814905,62.2818229066602,69.4169325466472,76.90599336503931,83.67568434682241,94.17743319374381,104.704865663231,113.759545218877,125.797887490473,138.728887617939,
European Union,14774.0509582482,15113.6306996149,15331.5812181094,15557.233703538099,15978.1895752093,16332.721929922302,16912.561929158303,17470.1176837896,17593.6409455828,16828.217706526,17167.6868264605,17470.659766493198,17386.083222713198,17425.610548932,17674.853558094397,
Fragile and conflict affected situations,1033.63646502102,1059.28540961187,1042.0592038808,970.2654419883779,1121.40097920967,1189.370668759,1264.5959693928,1324.63574526629,1393.4653317320801,1443.48231915377,1517.5460022759298,1411.1703685833302,1577.72209147846,1625.87926417928,1607.43174302846,
Finland,178.66511221009,183.27608726760198,186.355721344004,190.07162477270498,197.53394543563502,203.025300289667,211.25837707740698,222.21170312088898,223.813112840618,205.30592471762301,211.44937089719102,216.885348844895,213.79215307714801,211.39512413180898,210.539607436089,
Fiji,5.735389142620461,5.85009685934447,6.03729999343374,6.09767293105477,6.42084965706077,6.46579560262547,6.58557333269795,6.5295529153153,6.59698976463161,6.5055530124066605,6.697770840896689,6.493470336870789,6.59963795260112,6.95281051959559,7.435653752059759,
France,2118.13659295863,2159.5345014118,2183.68796386824,2201.58397829731,2262.92944508764,2299.31087438092,2353.91828670386,2409.50604052136,2414.21167969517,2343.20148041472,2389.2607931206003,2438.9390005874398,2443.3947722339904,2459.43531105387,2463.85162993296,
Faroe Islands,,,,,,,,,,,,,,,,
"Micronesia, Fed. Sts.",0.340264795877069,0.34620987970820405,0.348286791163235,0.354646025292101,0.34318648225624904,0.350601219461448,0.350028342588178,0.342818889843944,0.334043946109188,0.337257299733675,0.345791861524608,0.352882555847251,0.35487340882970203,0.34223452553416495,0.33058863351358697,
Gabon,21.5392209649019,21.999133609610197,21.9443484701301,22.4375103991284,22.592226694578,23.4734829160537,22.620306918873798,24.0876002916144,23.357699827672,23.078374547107202,25.1867206280874,26.9729007296627,28.389268494676898,29.9899729976779,31.284003482671398,
United Kingdom,1937.4633380873202,1990.89926417802,2040.5505849527601,2108.6369133807702,2161.10945989188,2225.86404179461,2285.11259285707,2344.20644046002,2333.26188524219,2235.45283357384,2269.88275614477,2314.65389101054,2341.94495944008,2392.52871927761,2462.8751223318,
Georgia,14.4419519787711,15.1359530685846,15.964470632137399,17.7298380973854,18.7683331828824,20.570025753367002,22.5001681040937,25.277588827842898,25.8625242223177,24.886013612888803,26.4421431680346,28.3459772284492,30.0983587985077,31.097603481022098,32.579852849637994,
Ghana,42.7837505395858,44.495100561169295,46.497379952622495,48.915243702690994,51.654497345063106,54.7021147302629,58.203002164102,60.7329814098618,66.289927192524,69.5021754043601,74.9926667590686,85.5261387061051,93.47366529656699,100.30895045943599,104.307130433746,
Guinea,9.96100100963036,10.325408938544902,10.858675985965599,10.994257551135401,11.2515360754872,11.5887752790239,11.8781155422056,12.086895082689301,12.683616959491399,12.6480784431445,12.8929727416549,13.3969282898999,13.9253181447225,14.245600355981,14.3025825581215,
"Gambia, The",1.9222285734565498,2.03371783524994,1.9676219993553699,2.1027976268322,2.25104485814457,2.22984731095309,2.25491301792387,2.3367894853410602,2.47079599535312,2.6301548223158604,2.80176276147413,2.68048372905378,2.83761985871151,2.9732838499082606,2.9993732427512003,
Guinea-Bissau,1.69306207637535,1.73012162754235,1.7130768581127902,1.72281587437538,1.7703897462226899,1.8459043965085897,1.88854017560305,1.94906163122628,2.0115273117739503,2.0781975278177103,2.17030369264282,2.36625293840129,2.3134069965134803,2.32101094368727,2.37997126661217,
Equatorial Guinea,6.19304882702094,10.118195458641301,12.087483047940399,13.7743215645307,19.0083883921036,22.192046453797403,23.901925348114602,26.830430092162104,29.488889884301003,28.1516516045443,27.0748447703977,27.5998487716638,29.189737703676702,27.2886325498404,27.205649307204602,
Greece,274.146420134811,284.682779795984,295.850520404463,312.993671305313,328.83425773830203,330.804442069218,349.502943900518,360.944785541951,359.734997673765,344.263753518165,325.401414714354,295.684149541039,274.097746136091,265.331443378858,267.066665005273,
Grenada,0.980774669148744,0.9609247702204651,0.9939548634484461,1.088022487639,1.0809780826037099,1.22445699390488,1.1752618777091,1.24754733784391,1.2593871976935802,1.17609246300364,1.17007949108584,1.1790285461798802,1.16540728471523,1.1928211830567699,1.26063093475885,
Greenland,,,,,,,,,,,,,,,,
Guatemala,70.7283247714438,72.3781169255691,75.1767067287935,77.0792715638313,79.50887332399671,82.1009505305786,86.51779849839329,91.9719295094131,94.9896019928872,95.4892881770591,98.2293413572951,102.317694817075,105.35638424790801,109.252026792988,113.89499050279599,
Guam,,,,,,,,,,,,,,,,
Guyana,3.39942115656314,3.47590810868142,3.51243992961057,3.4771309428322,3.59166502097419,3.5213793275086296,3.7020123309139206,3.9619052005389,4.0402180831173204,4.17429773696178,4.35675084012414,4.5936328753428795,4.814883315585529,5.06629850937664,,
High income,41063.130147577795,41740.2052951472,42414.4627149421,43503.7303982873,45208.120649875,46682.6539897388,48414.931077695604,50049.9897339921,50537.7457281875,48814.668524760295,50400.9533697389,51593.7468001547,52423.9391804864,53232.724956945,54165.2574763873,
"Hong Kong SAR, China",226.722074961702,227.99353862860397,231.77060512243202,238.85427572105104,259.634825127871,278.817017628469,298.425056712206,317.717486709866,324.478083321032,316.498798159667,337.918204242374,354.18786998988395,360.21013577427004,371.276418058089,380.562928972017,
Honduras,21.7161450481263,22.3075176492782,23.1450172302788,24.197429970801497,25.705487115282903,27.260823118732603,29.051107767158502,30.8488853613642,32.1542868282783,31.3724142251852,32.5429630293315,33.7912104234101,35.1863439882885,36.1685918071898,37.2844706129167,
Heavily indebted poor countries (HIPC),675.1483552613361,704.8556204405359,729.120570554405,761.884538118698,803.746346542624,854.108415278549,906.878323538634,968.000383640251,1026.92604832504,1072.75661560696,1134.63198926906,1191.2249786058799,1257.52922971751,1329.2136660317801,1404.5365317879,
Croatia,69.2403143200144,71.6183066976962,75.37574291698449,79.56505663558,82.81354727169459,86.2617716215677,90.3895016651843,95.0445655019797,96.9961778195567,89.83419053118449,88.3058865775391,88.05751509012809,86.13131931671221,85.2149500400925,84.9078061575266,
Haiti,14.8714784753481,14.7164139688314,14.677930806630199,14.7311281190848,14.2138691447919,14.4685371299471,14.7945121509456,15.289133971002501,15.4181657501478,15.893545989103998,15.019751835594,15.8494035383438,16.3066740539112,16.9993709735332,17.4668282085068,
Hungary,181.408588976505,188.39126245105103,196.832771018142,204.398833023659,214.49146358491396,223.831759437482,232.351601944932,233.341001466948,235.29953932821,219.866058868454,221.500098880768,225.39296682429602,221.586316045469,225.77378338769898,234.064693460555,
Indonesia,1228.1632644512,1272.9109809085,1330.185297242,1393.77306445243,1463.8920304046399,1547.22512804658,1632.33723634896,1735.9093968095501,1840.30184269979,1925.4870443687,2045.326550277,2171.51878477208,2302.46246743447,2430.92171055257,2553.0673818843197,
Isle of Man,,,,,,,,,,,,,,,,
India,2656.18763904329,2784.32123466467,2890.2361272952403,3117.41971243641,3364.41090021785,3676.79078351874,4017.4071704622797,4411.167723432321,4582.80436550574,4971.41639698702,5481.48187934818,5845.36202080747,6142.3892942948705,6566.16607502086,7044.59356336393,
Not classified,,,,,,,,,,,,,,,,
Ireland,151.586605958971,160.42941487105801,169.953596117629,176.48354671620604,184.25788003146698,195.92900550959197,208.29159483482198,219.83667892681,215.08290825227,202.95574536893102,203.764755042222,209.03835867496102,209.354252329409,212.35702550599302,223.39825063724302,
"Iran, Islamic Rep.",783.923368746807,802.676169657573,867.5230070734641,942.470908318908,983.3427235573349,1024.72857393083,1083.18167325941,1181.92632746403,1192.8437312168899,1220.45461173514,1300.7284803508799,1349.5017724227,1260.31742078605,1236.2255073348101,1289.9190263441599,
Iraq,286.951665491182,293.566810971545,273.310171938368,182.842214621587,281.86548911967,294.269310291932,324.161774139969,328.627420735618,355.667236886308,367.68629660158297,391.22765016662,420.75153211454705,479.38927559269,510.89550723637,500.073370882125,
Iceland,9.46948803005379,9.82579015832064,9.87033619156524,10.1409635429492,10.9745839735191,11.6287084707998,12.1178550067568,13.2681921145042,13.4643997005426,12.8341080474291,12.3735344686322,12.6195352822758,12.7688157543505,13.2662850459254,13.508615028514098,
Israel,164.375708848975,164.77280709280302,164.660308824896,166.598581734343,175.118519363461,182.80607301948604,193.41213105234198,205.27811808104897,211.55841129403302,214.24237226369002,226.062173076903,237.433528959788,244.271411064853,252.213117917871,258.655707943959,
Italy,2054.06006885762,2090.4745442018,2095.7170020511103,2098.91609745998,2132.1476034370903,2152.3948232791,2195.58057904493,2227.9460969367997,2204.55666803539,2083.71653619256,2119.36021324197,2131.79703018336,2071.72429887071,2035.52271945762,2026.48747731699,
Jamaica,21.0623528613563,21.3456266718557,21.771960940328,22.570190174578702,22.868957446987302,23.0733597166206,23.7422853371669,24.0822639504457,23.908315580817,22.8503222768443,22.5100937320899,22.8979901667864,22.759799512659,22.8845028459585,23.041891178522302,
Jordan,36.9121360426717,38.8579115444942,41.1087115819824,42.8203762710044,46.486972642023595,50.2820669192022,54.3515611097715,58.7951920303421,63.0475004847869,66.5003479486717,68.0543482299299,69.7970899674539,71.64755275430831,73.6746130326082,75.95582238109489,
Japan,4083.47025714899,4097.9854305502,4109.85108388199,4179.10666624356,4277.76409578787,4333.49173260923,4406.85359810394,4503.46003596831,4456.550373437,4210.23788209186,4406.09941793481,4386.15191143478,4463.07140903728,4535.07712615534,4530.337970558509,
Kazakhstan,144.461056529921,163.963299159201,180.031702479278,196.774650810168,215.66501728722102,236.58452396241398,261.899068026393,285.208085080726,294.619951888992,298.15539130997604,319.920734875605,343.914789991274,361.11052949084,382.77716126029,399.619356355743,
Kenya,67.055109891187,69.5897303460583,69.97028841835319,72.0221500158219,75.6983764575261,80.1696267841254,85.3586013069567,91.20628841848689,91.4181448894453,94.4412879212466,102.37650659491901,108.633362952274,113.58151751370099,120.04116114377199,126.437023576017,
Kyrgyz Republic,10.1617566876275,10.7025231409133,10.700665927589199,11.4529544204463,12.2577374575072,12.2362192241571,12.615896710324,13.693656983311001,14.8441454535681,15.2725912371255,15.2005707600957,16.1059584613669,16.0917610279377,17.8482522755774,18.4913312561549,
Cambodia,16.721156785584,18.0653089837304,19.2734953233548,20.9128793286811,23.0753816232818,26.1328894309912,28.9476857297313,31.903988921579,34.0388690577897,34.0683797222329,36.0999039744308,38.652011936303005,41.4586592694694,44.5597684971978,47.710823823112506,
Kiribati,0.1493809646313,0.150431488440661,0.151300387959689,0.15739817279923998,0.162391615098001,0.162108927475562,0.15480116829937,0.166436711178955,0.171020774555824,0.16988344993531598,0.169033492826936,0.17366502365637,0.17854503434313101,0.183852809232707,0.190655363174317,
St. Kitts and Nevis,0.869277263193694,0.9125512517815869,0.929329309318059,0.905642457726801,0.9473485995378259,1.03506073613382,1.09597627213556,1.1270184953720401,1.17354952415597,1.1078503713608001,1.07209991884598,1.09027325550498,1.0769098063095601,1.13958716057223,1.2181627498113101,
"Korea, Rep.",975.736820161216,1019.89202872814,1095.69482669476,1127.83382463112,1183.09600727877,1229.51699671592,1293.15844379478,1363.8089409356699,1402.3940206636998,1412.3162175588798,1504.071368119,1559.44683386666,1595.1953190347901,1641.39568577139,1695.72830510099,
Kosovo,7.880084840468009,10.0056524507363,9.93551800108941,10.529676443222,10.804724939121401,11.4565988183739,11.9724931012867,12.844818884128099,13.184541049900298,13.6251243138555,14.0760579999643,14.7263125247371,15.139894776002501,15.6607775128179,15.8516093890175,
Kuwait,143.38817099025698,144.433508630689,148.76651390324201,174.53287467865,193.31644176924104,212.794911701409,228.797619409869,242.506397704744,248.520177652617,230.934634860825,225.46826900366298,247.17733716986604,263.556266778465,266.584630667396,262.260538722454,
Latin America & Caribbean (developing only),4639.99592156597,4684.14513428781,4783.6997627069295,4869.87926399778,5116.9364829101605,5311.27137456317,5581.37118735829,5879.09416551872,6107.56046687985,6031.91202382517,6399.83217410126,6677.75062040882,6888.1350462553,7098.67689500514,7221.93758696972,
Lao PDR,12.5380508327715,13.2591659035189,14.0439426625201,14.895988229205,15.843029799576,16.9690839743301,18.4316944952291,19.831918771073997,21.3837471308604,22.9879077085118,24.9480648791952,26.9535531654114,29.116363152031003,31.5828387132784,33.956374355041305,
Lebanon,39.9085017774051,41.4862908307765,42.8859870677693,44.2743738875277,47.5855667875179,48.8714910423098,49.6547901859661,54.3243696563372,59.2668424601703,65.3718681341174,70.5990591121641,72.0142781813865,73.5985923012711,74.2609796321005,75.74619922472999,
Liberia,2.4192455426329604,2.4898564807769605,2.58354392896426,1.8047288625702897,1.85202368199857,1.94984712339599,2.1066764867207803,2.3075458325839,2.47246473221384,2.6035078126083104,2.76232034923903,2.98883056666257,3.2277711698709304,3.5087123382912395,3.5333133813762703,
Libya,117.406374145144,115.336642806984,114.230738121659,129.099012224358,134.858932460423,150.867670769863,160.67489495847101,170.88147361678,175.43949049692,174.05326969344,182.79298866496399,69.3225600144654,141.755476956406,122.544222995715,93.13360947674302,
St. Lucia,1.57284436560422,1.52206096750656,1.52275206180545,1.59559238213519,1.7266749475629801,1.71308581234114,1.8539466029933398,1.8654672663311103,1.9175749316819197,1.9088761820467102,1.8761051220417302,1.8892719502572501,1.8693161098438802,1.8719066242369,1.88044418703192,
Latin America & Caribbean (all income levels),5998.58641428062,6049.9171663465195,6066.55247767391,6183.963860742871,6556.73799230709,6861.97799410879,7242.18876525251,7647.99868941979,7937.06209611745,7838.24225902435,8288.65574964879,8675.37877793814,8940.419992449391,9203.27325112402,9320.35267350792,
Least developed countries: UN classification,926.947634826437,979.068522389736,1018.447579402,1071.54170386883,1138.17374386999,1218.5869701828,1298.1285561535901,1394.4456977211498,1482.20037585916,1552.80560926667,1640.04797967696,1699.9105648843101,1771.1459840075802,1867.4649144203001,1974.77016220429,
Low income,451.82435993665,474.240128214327,485.73574976145,501.727297863094,532.1177780151679,567.2262668900639,599.3950320867181,640.555708057654,676.015420941944,712.1462339836801,759.342562207265,805.1357674908721,838.837962065343,889.146933079875,943.860952704142,
Liechtenstein,,,,,,,,,,,,,,,,
Sri Lanka,104.08779309161699,102.479248580872,106.54219876503099,112.87109205227301,119.016992180724,126.445732962211,136.14196085851898,145.395293214783,154.04644132101,159.49800940085598,172.283305087378,186.76320296917604,203.84190741877103,210.76381166823,220.159507283293,
Lower middle income,7369.3335037724,7684.111220111849,7978.57869831696,8482.2297277011,9162.27513297569,9787.07047096653,10517.5929399708,11330.1966170921,11858.2757400694,12476.3057481144,13409.6118901808,14136.9665649339,14826.7231390458,15672.710550371801,16561.037955168802,
Low & middle income,21568.973695901303,22411.6290326581,23511.8944232715,24875.9290884497,26863.4353204163,28805.737994080802,31155.9086238534,33890.2783044009,35815.6107914665,37315.062964105,40286.868463873296,42726.8074620666,44971.5976494198,47415.100000058,49832.0556831416,
Lesotho,3.02375697033187,3.1516378011073103,3.16841636806643,3.31705167305834,3.3930711304734396,3.48483674681673,3.63494414189775,3.8070029542021397,4.02527647483603,4.16044255344382,4.48874907334754,4.67047808200587,4.903704069698529,5.12245983187741,5.308870384084311,
Lithuania,42.074821780806396,44.8199644438469,47.8501299807603,52.8928469224886,56.3573723115139,60.7123363619309,65.2089617713538,72.4386496197953,74.3423938054097,63.3291901737951,64.3676746779062,68.2586426999233,70.876774327161,73.3891752295805,75.6146799403698,
Luxembourg,35.223446225965795,35.9817560818365,37.2845771302827,37.8056822600464,39.473335123364095,40.7429684708086,42.825176476463504,46.4206271997228,46.029245224049895,43.5542578658379,46.026683366428706,47.2075832817213,46.8077005966691,48.8422813401846,50.8298170619293,
Latvia,26.0211091193615,27.701359878868498,29.6714121781566,32.1711112093924,34.8546668588367,38.5846643413133,43.1770849725187,47.4777382232574,45.7696605047526,39.202205620401706,37.7202521995996,40.0632459454363,41.6678728764287,42.9269222738846,43.9396564638983,
"Macao SAR, China",17.315371717555,17.8175174975472,19.403872498433497,21.846016512918,27.7186611004784,30.0910016700775,34.430818759955706,39.3643008226561,40.6991314897864,41.396087657502996,52.7795829939776,64.01702209879049,69.8847228690652,77.3326141273146,77.0596665853207,
St. Martin (French part),,,,,,,,,,,,,,,,
Morocco,131.010830364255,140.90470537332098,145.577156009201,154.77321698501,162.205220103434,167.03652271436403,179.998309922248,184.86865808166698,195.818942054182,204.12893854976198,211.91790080600302,223.034630236893,229.747835225283,240.60419028560997,246.41978889127103,
Monaco,,,,,,,,,,,,,,,,
Moldova,8.475250622801699,8.992240914388809,9.6936357152237,10.3334157137269,11.0991282750984,11.9301382743473,12.502608581195298,12.8861815518291,13.8867737567721,13.0550143536604,13.9811464404318,14.8779462103745,14.773800534698799,16.1620659702651,16.905521004897302,
Madagascar,22.7677318719076,24.1378539965255,21.078673520361498,23.1411989870447,24.357732651851002,25.4788947195946,26.758599469895902,28.4284908622468,30.455019682243197,29.232597651732103,29.3095117895579,29.735787033418998,30.6360487037798,31.3294955387322,32.3683123831326,
Maldives,,2.03604110247429,2.1527824899844,2.45807862602039,2.80466934175389,2.5633541806891498,3.09279770297145,3.4265378647684197,3.85405863951919,3.64164455079892,3.85878392065554,4.194858490870029,4.299582713461509,4.5016542245101006,4.7933877911644,
Middle East & North Africa (all income levels),4062.93289810527,4156.80260574905,4264.01294964141,4447.25362090772,4819.87018759133,5087.194477655809,5421.173635006639,5756.97843065921,6047.3739077421205,6167.160541260339,6481.216104516269,6687.86455446167,6944.17097284581,7080.92059536619,7251.55781712738,
Mexico,1526.194007649,1516.95301907472,1518.95414054711,1540.56386428996,1606.74208575747,1655.4677230114198,1737.32256210668,1793.34839714324,1818.09558580409,1731.85109572495,1821.89219713607,1893.3027909636,1969.77113229684,1997.24746171728,2041.8019514803798,
Marshall Islands,0.15679922652878503,0.165208964972809,0.169530670713549,0.16981898297878,0.169724882104738,0.174392716909506,0.177747137424931,0.184388768961945,0.18090436744048202,0.176631372687951,0.18388950381031902,0.184170375016325,0.18935335703134,0.193788073963713,0.191905803819408,
Middle income,21125.8676490148,21947.158513235103,23034.6486426418,24381.9562639496,26338.7146527975,28246.1046120375,30563.304344232198,33255.9562136148,35146.089346334804,36610.069535882794,39534.777837952206,41929.3531645489,44140.3470056149,46534.226514691,48897.3707216814,
"Macedonia, FYR",17.5306826145687,16.9929735125539,17.246853410172697,17.6301168192876,18.454223999292303,19.325886668510503,20.318662329361597,21.6339882648774,22.8177377480241,22.735909725741298,23.499554393109797,24.049418653105302,23.939708954011003,24.5778547480008,25.5038396954112,
Mali,13.4049021226296,14.993965395869301,15.6410589529054,16.8325486236739,17.2114486983583,18.2670039754029,19.2262693966291,20.052453122269903,21.050899143202,21.990359148518102,23.269074730708198,23.9028280753742,23.9100288940869,24.3182795052155,26.0678909173862,
Malta,9.85474116446343,9.702003655947479,9.974784062530059,9.987959502561871,9.937697638737,10.301974156651,10.5310804194248,10.981729266435499,11.4100167078266,11.0905362400074,11.5674292983278,11.7293733085042,11.8583964148978,12.2022899109297,,
Myanmar,,,,,,,,,,,,,,,,
Middle East & North Africa (developing only),2500.7086684731403,2578.5137636972204,2669.40153686112,2734.14868285859,2952.80020902199,3097.56065750873,3277.69205694334,3484.50693715658,3619.1495397078997,3732.78514790475,3933.36731522605,3923.75545661864,4023.89728905847,4065.91366409169,4135.73637757993,
Montenegro,5.9867996820967795,6.05265454039478,6.16765490756431,6.3218461819433,6.600007638657639,6.87674556486343,7.465824286063699,8.26152447199973,8.83343656128185,8.333736343413308,8.53905730573102,8.81473685329508,8.574641074268229,8.878953584141229,9.03732837536997,
Mongolia,11.1601187513944,11.4896447543966,12.033447166312799,12.8763461672463,14.244510220138901,15.2777593351559,16.5849602973789,18.284589741961202,19.911985506508998,19.6593822693595,20.9107337370647,24.5263621502594,27.5479657528338,30.755810781752103,33.1621143980904,
Northern Mariana Islands,,,,,,,,,,,,,,,,
Mozambique,10.1470434431955,11.4378453711583,12.443696079155199,13.252611816187,14.2877979893377,15.5337893989543,17.0640316084163,18.331217003105202,19.5917091451517,20.8360690445552,22.2295294702057,23.8117399340183,25.5257532228233,27.3487216778104,29.3234525996824,
Mauritania,7.41403998099793,7.562972988127,7.61326707283607,8.06840746651267,8.532133016670599,9.29741605968577,11.0517547309026,11.363175139866998,11.485893701346399,11.3662013049529,11.90878933503,12.431042287899201,13.1730541672567,13.920699363822399,14.8142535779616,
Mauritius,13.469257821911999,13.8158986426097,14.1078718630179,14.623776480482,15.4640246757276,15.655993152249701,16.2740374425305,17.2326593954474,18.1823667450266,18.736743922669103,19.5049882370073,20.263009431345,20.911425733148,21.5805913566087,22.3574926454466,
Malawi,7.159751495337971,6.80355644733464,6.91921690739437,7.299773836993801,7.653932415213891,7.871287121899,8.03359346397083,8.79609543237364,9.52959404677026,10.390672466305201,11.0695327581244,11.550780162647301,11.7686047188889,12.3805721628373,13.0862647763473,
Malaysia,378.156524277656,380.114147212002,400.606056516113,423.795135210076,452.543014324942,476.67323753320204,503.29470886764295,534.9961651628989,560.845948811251,552.356507346441,593.374338615578,624.786298313787,658.98369015173,690.0445813800451,731.396257427509,
North America,14126.8369567047,14273.0890982154,14539.7730446195,14937.312484297801,15494.8356483581,16010.814853436099,16437.2830620003,16732.7410018493,16704.005810617,16241.1649587388,16663.5025655404,16949.0171844064,17336.4793952033,17717.9295929385,18141.827815548302,
Namibia,11.5970686810856,11.7336762208229,12.2955622160212,12.8168687693136,14.389440645176,14.7533873714697,15.7969203350114,16.8422174837141,17.288504578091302,17.339673542873502,18.3868596749856,19.322996884943002,20.3014987961655,21.4546844206664,22.8218387828124,
New Caledonia,,,,,,,,,,,,,,,,
Niger,8.5508964650998,9.15838127536572,9.43305230630258,9.93300407837751,9.9429370825389,10.3903692511897,10.9930106679179,11.338913487179399,12.4260514578366,12.337494571058599,13.3700490768363,13.6790844206116,15.295085393182,15.9959605488582,17.099684209184097,
Nigeria,348.47693805629604,363.848482985796,377.618867985563,416.71822252721296,557.301344581464,576.498519048468,623.834609859568,666.4325220533481,708.219598550843,757.330491735703,816.7032292683531,856.618673550592,893.275762114417,941.462775527185,1000.86642411525,
Nicaragua,17.467779119313,17.9849727270266,18.1205684399359,18.577339576809,19.5641995332482,20.4020164825031,21.2491223312346,22.372726789669798,23.0107322985914,22.3758178381869,23.0898970400814,24.528765814352198,25.7875320933588,26.9506882790152,28.218118771577203,
Netherlands,669.0785517464351,683.291548860211,683.999643762829,685.941673205759,699.871134080209,714.9909121163801,740.148846620422,767.523052658197,780.5637359296779,751.1553450048051,761.6915169213341,774.36321765984,766.1779088068549,762.38243265959,770.0910980101271,
High income: nonOECD,5843.99673398734,5966.1511800029,6054.51455095592,6414.26804313962,6953.12192293446,7423.87895768362,7995.477174494679,8581.1043443384,8973.48029185836,8652.54729046874,9130.035687882231,9653.66550311332,10002.2647450645,10230.045250618801,10397.957879211,
Norway,263.614318169857,269.111541447716,272.980581766052,275.49157150507205,286.39838759898,293.91554489076697,300.955093961484,309.772374111979,310.962848050599,305.91737240000896,307.758794421496,310.740299177242,319.281831516867,321.651400742339,328.755379635663,
Nepal,36.554323947762605,38.308844733333096,38.3549175923182,39.868033576954396,41.734895411086605,43.186927981927,44.6400017473208,46.1629223140009,48.9810021388187,51.2013495238087,53.667418823385994,55.5038257168332,58.1575703346494,60.5588252732816,63.817243627947995,
New Zealand,107.87187575304598,111.571193381557,117.021441142513,122.44125641419699,127.11441397409199,131.44998306945098,135.082773897678,139.080046895205,136.833704030124,136.489746041882,138.457242315072,141.528801243678,144.610976113796,148.189979257821,152.637429332007,
High income: OECD,35284.6446625631,35841.191974728295,36428.000829263605,37163.5896965113,38338.1215875208,39349.7771508714,40520.105590674706,41579.621812696896,41682.6213483682,40276.124419961794,41392.784101791396,42071.3468831225,42559.146136518895,43143.8285744562,43910.530389629705,
OECD members,37633.6901456401,38134.114699842896,38770.7542039295,39571.3280101669,40893.2299980182,42033.289313249705,43356.3407259602,44523.186389162,44658.511179882604,43109.896055874706,44417.499184008295,45272.9931751321,45865.0952626032,46533.273416061296,47385.1003420215,
Oman,99.69832686497689,104.167258601268,103.020829950899,100.271235475854,101.56685270792501,104.09633288209801,109.688458981444,114.572550746322,123.96715139321,131.544586200688,137.862478064293,136.358363675009,146.013432911262,151.726621876086,156.11790217845902,
Other small states,101.614439381694,107.489925632503,111.966183128083,117.22179056070199,127.087963859551,133.665177376173,140.16614633624403,151.590216690732,158.783266425333,156.03577813333402,163.09089035092902,170.678575359029,177.882936834768,183.86640875600798,190.451757297697,
Pakistan,484.12664002763,493.72437336268104,509.64417003942896,534.343162148067,573.7166193545,617.7052182163511,655.864217731327,687.5609369606279,699.2591363203841,719.0597672252841,730.612842689226,750.693024684963,777.020079943001,810.954485117006,849.380387057734,
Panama,30.4083531783405,30.582980117505002,31.264640252160802,32.5795570360382,35.0302174809134,37.5493381819017,40.751456053779506,45.687541798805704,49.8665375688497,51.8483159976873,54.8824140135469,60.7933569435673,67.02291585543409,72.6208667109589,77.0955502251877,
Peru,168.607214679244,169.648922466855,178.90117534880898,186.35214195076998,195.59199976706302,207.885293542091,223.53659653745,242.578431743998,264.757737272036,267.535661152666,290.144422691091,308.865167543699,327.243714752644,346.126881782298,354.261741664006,
Philippines,329.445207189109,338.979326483167,351.338167446152,368.80095229530394,393.501899212424,412.302095671424,433.91890093380397,462.629876187425,481.84177142800604,487.374907008677,524.57264617304,543.770720548511,580.115323633749,621.0440389528139,659.128589873781,
Palau,0.24722677646210897,0.260237951951593,0.278779363360268,0.265729645526358,0.28444991430575095,0.291521902126302,0.286136697528376,0.286297847978037,0.272907727186205,0.24358968025566,0.24794804579248797,0.268571560181311,0.280841917063688,0.275129363503286,0.297007583037185,
Papua New Guinea,9.98139048279595,9.96928417829171,9.953442950057449,10.1688456608538,10.445557788631001,11.1083071254775,11.3631834724337,12.175851359898997,12.980791818957199,13.7780048496085,14.8353746366275,16.4182095553196,17.7460393365822,18.7287106490005,20.3270004245066,
Poland,560.104342544345,566.8552891485,575.037840670401,595.523753266605,626.107803297866,648.31620906829,688.464662623808,738.0456556915409,766.979905501895,787.183774655159,816.3004840758579,857.184989822495,870.5717618946741,881.582040192982,910.974416128396,
Puerto Rico,123.78256714519699,135.97447172056,138.38566300203502,140.03648705332998,142.502413697865,143.312681168627,142.03781570481698,137.314061530999,134.844044733146,131.660223766556,128.220560543109,125.796598245822,122.30888872151,121.602747285265,,
"Korea, Dem. Peopleâ€™s Rep.",,,,,,,,,,,,,,,,
Portugal,269.052504778814,274.281017930514,276.389678482431,273.80763024254503,278.76788283770196,280.905434793349,285.26804255130895,292.376929190662,292.9595568851789,284.234915868487,289.631657493828,284.34051475074295,272.88654877728,269.802507166103,272.246372485555,
Paraguay,32.2658221753373,31.9967065339344,31.9898586068284,33.3720603963309,34.7261047725917,35.466981414153295,37.1719218638843,39.1872431295966,41.679205776947,40.0263352282801,45.266984771214005,47.232661525606694,46.6474637248769,53.195031260993204,55.7070781728341,
Pacific island small states,9.10020434628227,9.23730060543921,9.459517722072441,9.62903188194322,10.0616399064095,10.236632529201598,10.459032211503,10.5446642083685,10.717170479799801,10.5258433600826,10.833719077321,10.862959651446,11.062951201298201,11.420864994158999,11.977224439277599,
French Polynesia,,,,,,,,,,,,,,,,
Qatar,64.9327324401898,67.463931517179,72.3092934633806,74.9991692757567,89.4131960871407,96.11271094371659,121.265643543761,143.07606597026,168.348387556305,188.47706544837803,225.40411696169897,255.552315250751,268.022170619185,280.30207162650703,291.45292663203804,
Romania,230.03541656337802,242.89900244667604,255.491353630156,269.605405862249,292.14072455841,304.328476124008,328.84383955812297,351.41488287098497,381.141011658344,354.20643165868296,351.378215375837,355.08980399891703,357.36591256911703,369.98665487026796,380.262458474615,
Russian Federation,1931.0768671686299,2029.40699673865,2125.67536552736,2280.76154374874,2444.4278333245,2600.2891237183703,2812.30192851905,3052.33415384815,3212.51923187192,2961.2717962949,3094.63935300846,3226.60023909272,3336.4836203975897,3381.2191131799,3402.87534028201,
Rwanda,6.41393721359927,6.96995849320551,7.911636818636609,8.02646120283583,8.584010532139859,9.177337461490549,10.024889312301001,10.7880694856552,11.992283427530701,12.7439583721409,13.6758819004076,14.7497032498507,16.0459590216784,16.7976339662886,17.967332221932,
South Asia,3522.61334970175,3672.6307184025,3808.4625133966097,4081.8250872902204,4389.9071679462795,4774.9580834453,5185.6662224342,5647.77615596051,5863.43219173132,6303.92127023162,6864.7301121098,7292.579479760179,7668.95274220871,8162.755368504139,8720.68855174777,
Saudi Arabia,756.049323715856,760.1897896088141,761.160575032432,819.459920274663,895.294431130422,960.257151888884,1013.8082679723001,1074.5587992225799,1165.11363837154,1186.42561856574,1242.92180695503,1366.70355458884,1440.29324211896,1478.74779550651,1532.55497747937,
Sudan,77.63478597343311,82.6813268735433,87.9954822169944,94.8015734959229,98.4830099115992,105.859129468495,116.51311830614802,129.937654974458,140.075343173136,144.616372285105,149.63359883850902,146.68921515215803,143.440484422374,148.17402020312602,152.76741521748002,
Senegal,18.9708610403337,19.8399003286032,19.9698127285127,21.3044408710361,22.5551760660162,23.8233649421568,24.409793806955,25.615267832939498,26.558556321738603,27.202116862459498,28.338992086668597,28.838075191297996,30.0963383340769,31.186497535520303,32.6586685049637,
Singapore,208.093297760255,206.11164595782,214.79242243280498,224.31917120276603,245.73980248825302,264.143643235588,287.547288049538,313.747237262251,319.355846340608,317.428890533636,365.80625027196794,388.51348569969895,401.778739802719,419.63062759998604,431.877083679628,
Solomon Islands,0.713557324401916,0.656625693512172,0.638240157534976,0.679725779457377,0.713021269551109,0.75167553036168,0.803891798578851,0.86273668839363,0.9239435008466369,0.880260630548225,0.9409595026489249,1.06261121702648,1.11213540137642,1.14565946462869,1.16292943660713,
Sierra Leone,4.17647901972045,3.8782650648918797,4.897030094429209,5.356488309821939,5.70024291223408,5.9472050468803,6.2758376723027,6.78156485276821,7.1477474328426,7.3755322534970995,7.76987574789117,8.122261703973491,9.365749169146799,11.324294982374902,11.8463563859089,
El Salvador,37.34039076385871,37.9785142921164,38.8675239938771,39.7614919204106,40.4972924766922,41.9401358855732,43.580812462888396,45.254213323704,45.8308548647791,44.39495297058,45.0008480378146,45.998442862099296,46.8636530849507,47.7293591302793,48.6610095650859,
San Marino,,,,,,,,,,,,,,,,
Somalia,,,,,,,,,,,,,,,,
Serbia,58.1836892384406,61.0886344550642,65.4355722281632,68.3248236841267,74.505837783379,78.6337793170311,82.4902541731362,87.3479073294731,92.0355929933329,89.16778996935021,89.6889561632083,90.94591615269199,90.02256919725019,92.3377103135552,90.6638290654715,
Sub-Saharan Africa (developing only),1574.41995629309,1634.98792406941,1688.45883868433,1772.35619762071,1986.38594496786,2084.41890800595,2219.57814173454,2359.44685274404,2476.1041961257797,2559.29497605417,2713.44496531091,2835.1080850437,2935.9901371587002,3081.7133274170296,3235.9200401957,
South Sudan,,,,,,,,,34.4311818393547,36.167078722689205,38.1538869549423,36.3834257531343,19.617170973612097,22.1928527798577,22.9415615764816,
Sub-Saharan Africa (all income levels),1581.97659765797,1646.57444547541,1702.09692108168,1787.6344371251798,2007.0063990771698,2108.44975770393,2245.49379250421,2388.54394378805,2507.8937429553102,2589.6855906221203,2742.82190134991,2865.15969792863,2967.7861222084,3111.6798978276497,3265.85857732814,
Small states,182.445566839945,190.09337201159602,197.836321627297,208.559951978534,222.64931996865,232.61953152137198,245.938947826183,260.750721208451,269.786696170972,263.335900276268,270.845668904393,279.624770868064,288.22275300026195,296.023933325464,304.426321069253,
Sao Tome and Principe,0.28529876764998,0.294399608092219,0.301397126051505,0.321209383853916,0.333518856858443,0.35717791896554796,0.3897369955937,0.402417497633045,0.435360085412707,0.45284336664031,0.473130925720531,0.495976459900483,0.518737539039142,0.5404522784481619,0.564656726315367,
Suriname,4.62278501804806,4.83326399866489,5.0410916638254095,5.344069063472451,5.838717803894279,6.1055889497700395,6.34017406750348,6.66425129197361,6.94037831486397,7.149540401065341,7.5182609166614505,7.914263443501221,8.157321361853809,8.38880509361818,8.54340315733225,
Slovak Republic,82.1332770390773,84.8571991473533,88.6951126214998,93.50125003902431,98.4183294158094,104.714431657502,113.59998470742401,125.907902135599,133.025125830599,125.72029475384599,132.10923418374801,135.863610852345,137.933304756862,139.902897999779,143.431156174276,
Slovenia,44.738057347981396,46.0575415489609,47.824452363877,49.1836725270924,51.3240404275359,53.378535657067594,56.397634604501604,60.3125492980705,62.3029568533461,57.4450148929073,58.156043174772904,58.5336872147386,56.9425643183453,56.3402524741351,58.057689850401395,
Sweden,326.63778457839396,331.744473278268,338.62345108044104,346.702127000035,361.681495749173,371.87487246581605,389.308839335163,402.564606359159,400.322129769476,379.56679231897704,402.298768708295,413.017649087308,411.835094412549,416.946811855604,426.66931534715707,
Swaziland,7.2901000174929,7.37451046884245,7.505570614529679,7.673702452319801,7.89675276335532,8.09127578715923,8.358495158860109,8.65134774517488,8.856689088049722,8.96742870957124,9.118154767760641,9.23916834707499,9.51888318733816,9.7996087774517,10.0397356959294,
Sint Maarten (Dutch part),,,,,,,,,,,,1.21460099853945,,,,
Seychelles,1.49712274524035,1.46312065095631,1.48086583568739,1.39368537542864,1.35395901964972,1.47589333879611,1.61471775360875,1.7829338331462,1.74476986410184,1.72545210409602,1.8280376658982198,1.9723558624605102,2.0914819724132303,2.22999121423368,2.30393307684501,
Syrian Arab Republic,,,,,,,,,,,,,,,,
Turks and Caicos Islands,,,,,,,,,,,,,,,,
Chad,8.28568762643615,9.25164424696025,10.037220771675301,11.514866990951,15.3872444296547,18.0542437613244,18.1712825655611,18.7657559981717,19.338616642437803,20.154260616364102,22.8851832573778,22.9041481626154,24.9386265467353,26.3601285997775,28.284418175524202,
Togo,6.34711065251017,6.2438554583497,6.18627768145619,6.4927704785308595,6.630356525815371,6.708621715481749,6.98048274328204,7.140367481755609,7.299274948586941,7.5555011544227595,7.85739471004464,8.241131319988979,8.72838747743478,9.175073395025391,9.69886791637917,
Thailand,578.547150354831,598.4737245125,635.2731545716861,680.945037832023,723.771636118782,754.0819974641859,791.5441638824909,834.565321921129,848.967147855654,842.6993949886609,905.9584007664979,913.511216940895,980.40673937143,1007.9503223098001,1016.67578215003,
Tajikistan,7.334305769513549,8.08240495800393,8.95530469346829,9.94038820974951,10.964248195354099,11.6988528244426,12.517772522153601,13.4941587788819,14.560197322413,15.1134848206645,16.0958613340085,17.2869550727244,18.583476703178903,19.958653979214198,21.295734214944,
Turkmenistan,24.0856359205512,25.1318787397629,25.1965129938014,26.0201438092149,27.3212569790358,30.8840481248487,34.2711311307888,38.0612782091756,43.6547109537667,46.3191560416847,50.5795017241182,58.0143582316118,64.4550188107777,71.02943764562261,78.3454574815441,
Timor-Leste,1.1968702378981,1.3927608703598302,1.30019716491088,1.27006014453215,1.2765180774704499,1.35616591704281,1.2786707217832198,1.42505053505133,1.62739910045137,1.8383582431024699,2.01056978812378,2.20215513195999,2.3420770122898,2.40665634167279,2.5752083913624,
Tonga,0.45111972809136,0.4673681072776,0.48333391134085796,0.493757197360075,0.497530438733198,0.505377523065104,0.499939654829208,0.477086847579912,0.488805286780283,0.49418006239680395,0.514766076365909,0.525159845772572,0.528032245634813,0.51390452153514,0.52492240560958,
Trinidad and Tobago,22.9929950296132,23.951278932172997,25.8521811900767,29.585504885196602,31.937574902922798,33.9208331804766,38.4007320972078,40.2264397284744,41.590237510398595,39.764529879132105,39.7273801528769,39.730065675256796,40.2729887830592,40.973462537149004,41.3082576605095,
Tunisia,73.56742057940359,76.3601750504752,77.3700869896028,81.0083470925442,86.0598605984815,89.0603683772986,93.73086800674541,100.019853414879,104.25847164727301,107.43152491462,111.20353169531698,109.07106574636,113.53624759303901,116.821845829516,119.97116820517098,
Turkey,822.8514754280659,775.969706039876,823.7992341188009,867.174449365631,948.3663247399979,1028.0444393669,1098.9125731787701,1150.2161793218502,1157.7942457103,1101.9205401879399,1202.82288508086,1308.343501046,1336.17799378749,1392.19737988786,1432.76800091148,
Tuvalu,0.0288617924202024,0.0293334251762044,0.0316467102311008,0.0305917555841986,0.030178099642766402,0.0290374489687241,0.0296585420943354,0.031542027051028,0.034060109365096895,0.032550275332427395,0.031661839032100604,0.0343383168465706,0.0343982228371069,0.034844776305545395,0.03553745201306879,
Tanzania,49.1990689824716,52.1499449395634,55.885734164555295,59.7341524183555,64.4103201050015,69.6747918790266,72.9220350205017,79.0944340737384,83.49730139893829,87.99141520153121,93.5866890555195,100.98425597862199,106.17587033321901,113.88748753328801,121.81990246659599,
Uganda,25.2844760240342,26.595137578678,28.9176073719315,30.7895188987215,32.8854332957358,34.967924772968594,38.7391260768351,41.9980263777326,45.655530298462004,48.9660334897145,51.4977453620935,56.479238119891406,58.9706840871158,60.899459842595704,63.831935155097604,
Ukraine,236.51070928141002,258.269694563763,271.699718609032,297.239492191414,333.20547074657503,342.202018403365,367.18276584643,396.19020716410296,405.302581872175,345.31779971551197,359.821147357375,378.531847053314,379.288910738748,379.288910738748,353.497233846882,
Upper middle income,13787.0581217951,14295.210992911301,15088.433238031199,15934.5802851153,17214.0792765703,18498.774128277102,20087.542171173198,21969.4336434481,23332.0975143302,24181.8971998202,26176.1202210086,27845.056143017,29368.170680270698,30919.6977858902,32398.8764239476,
Uruguay,42.7602480909754,41.116488580230694,37.9373587180211,38.2428621664545,40.1565963174643,43.152331451857805,44.9209631401066,47.859472816814694,51.2939378206379,53.4705930856858,57.6431225163077,60.6187371808227,62.633167495397906,65.8276852984219,68.13061077521411,
United States,12975.535505116,13102.174374501401,13336.195938663,13710.5130797786,14229.5578483528,14705.5673032394,15097.7097588253,15366.2331314649,15321.4218982606,14896.171302291401,15273.330534513,15517.926,15878.1101688655,16230.4943421148,16618.1110079932,
Uzbekistan,60.921945120056705,63.4806668200589,66.0198934908729,68.7927290165064,74.0897691491094,79.2760529932476,85.0632048596946,93.14420932335389,101.91767734771699,110.173009208602,119.53771499216198,129.459345335412,140.075011654142,151.28101258802,163.534774610637,
St. Vincent and the Grenadines,0.815262958092404,0.8291992322375361,0.881632084003578,0.949427723903543,0.988888623345358,1.01349224175932,1.09114203401189,1.07349794099558,1.14576547882433,1.12171514078477,1.0839681221989301,1.07937594483236,1.0942766948670402,1.1125512266983302,1.1191977560143198,
"Venezuela, RB",352.95199498106,364.93201903787394,332.61492635418,306.81964080566104,362.926541764777,400.3729895170471,439.89840803237,478.404754112089,503.654793696135,487.52624285302795,480.267994804158,500.326029131469,528.4741562655639,535.5720611405629,514.149178694941,
Virgin Islands (U.S.),,,,,,,,,,,,,,,,
Vietnam,205.70010299185,218.438890912423,232.24602217453798,248.26882270140499,266.979380601316,287.12897583591604,307.164706021427,329.064027510377,347.694879875925,366.463093253073,390.001890710746,414.33918941743394,436.081087957563,459.724894293841,487.233244248599,
Vanuatu,0.522417511133698,0.50419293572488,0.47842253277221103,0.49896327495539405,0.5188457381605981,0.546359361369763,0.592597364396951,0.623268288630118,0.6634598773410691,0.6854390809946459,0.696605442917373,0.7051264985767469,0.7174997052924321,0.731628322616058,0.748487578663144,
West Bank and Gaza,12.289715748195,11.5005897703505,11.3312560389389,12.374306196000099,13.473737480183997,14.9620573768104,14.2823778110298,14.028988557118,12.817945455448099,15.502124216879102,15.864480534205098,17.1166607812281,19.564358096627,18.7515425695712,18.474326214227002,
World,62547.68462909821,64062.451784089295,65830.16100743221,68275.95256931121,71957.07024043691,75363.1036634187,79432.4072980978,83786.0074392707,86187.01712503571,85952.5650772195,90494.2298686961,94113.3661557793,97175.4356112139,100413.565204817,103745.542628353,
Samoa,0.7551870841153739,0.807595299330607,0.8426772035628151,0.8807281169349169,0.921461809496277,0.9597622968380349,0.9786581730648221,1.0405352234356,1.05103512554336,1.00049849579126,1.0052924715056502,1.06296392165163,1.06763395628845,1.0470126172440801,1.05953643078038,
"Yemen, Rep.",70.3964071012762,73.0740371383656,75.9496696609232,78.7958062142256,81.9261243627119,86.50722683714051,89.2498600652843,92.2294023357709,95.9318491961868,99.8984757054543,103.21257286858301,87.6394541537984,89.80404220313271,93.53603374768801,,
South Africa,436.781543113734,448.574644789332,465.17358612475,478.891906226266,500.70332499088,527.125699669845,556.5659122713449,586.4004835880761,605.112780377545,595.805606449428,613.9165900037839,633.638364273928,647.704020796938,662.0335294032529,672.286446879183,
"Congo, Dem. Rep.",24.9131162929644,24.3898977447624,25.108854658942995,26.5093819562187,28.2956832395703,30.0316661769121,31.6296454454481,33.6094935647749,35.7019871210533,36.7213003124079,39.320760556609805,42.0199852927371,45.027716855676694,48.8566502520222,53.276514097929,
Zambia,22.240376124001802,23.4228676360753,24.4783054267009,26.1783173431824,28.019280057347,30.0466428021188,32.4214376604277,35.129417564010204,37.8603418846784,41.3511973284438,45.6096287345886,48.5005704897152,51.7649372717143,55.2401505583477,58.554559632196195,
Zimbabwe,31.516796013341498,31.9705165597366,29.1270513302943,24.176887249032998,22.772805261458803,21.4722312618404,20.728971039501,19.9716739346972,16.4428895325251,17.426896293322603,19.409366289138198,21.7201305151655,24.0149066716054,25.091757935975398,26.0573615223577,
